n,url,title,label
1,https://learningenglish.voanews.com/a/media-program-helps-young-people-in-washington-dc/7366844.html,"Media Program Helps Young People in Washington, DC",study_work
2,https://learningenglish.voanews.com/a/in-store-training-on-healthy-food-choice/2863162.html,In-Store Training on Healthy Food Choices ,food_restaurant
3,https://learningenglish.voanews.com/a/sia-jimmy-fallon-roots/3168833.html,"Trending Today: Sia, Jimmy Fallon and The Roots",hobbies_leisure
4,https://learningenglish.voanews.com/a/the-law-of-life-part-one-jack-london/3908780.html,"'The Law of Life,' by Jack London, Part One",hobbies_leisure
5,https://learningenglish.voanews.com/a/dad-in-band-hashtag/3381269.html,A Father’s Day Hashtag,family_friends
6,https://learningenglish.voanews.com/a/student-develops-gun-unlocked-by-fingerprint/2936238.html,Student Develops Gun Unlocked by Fingerprint,technology_devices
7,https://learningenglish.voanews.com/a/everyday-grammar-verbs-and-gerunds/4095619.html,Verbs and Gerunds in Speech and Fiction Writing ,language_learning
8,https://learningenglish.voanews.com/a/skills-of-financial-literacy-last-a-lifetime/2657111.html,Financial Literacy Skills Last a Lifetime,money_banking
9,https://learningenglish.voanews.com/a/nairobi-music-store-sells-vinyl-records-again/2926517.html,Nairobi Music Store Sells Vinyl Records Again,hobbies_leisure
10,https://learningenglish.voanews.com/a/the-blue-hotel-by-stephen-crane-part-three/4773659.html,"'The Blue Hotel,' by Stephen Crane, Part Three",hobbies_leisure
11,https://learningenglish.voanews.com/a/the-exciting-world-of-participial-adjectives/4489551.html,The Exciting World of Participial Adjectives,language_learning
12,https://learningenglish.voanews.com/a/snowy-owl-fly-by-raccoon-trick/3137369.html,"Trending Today: A Dramatic Owl Fly-By, a Sad Raccoon",animals_pets
13,https://learningenglish.voanews.com/a/jack-o--lantern-why-is-it-named-jack-/5630153.html,Jack-o'-Lantern: Why Is It Named 'Jack'?,festivals_holidays
14,https://learningenglish.voanews.com/a/what-it-takes-carole-king/4226575.html,"What It Takes - Carole King, Hal David",hobbies_leisure
15,https://learningenglish.voanews.com/a/a-23-a-2004-10-08-1-1-83122117/123179.html,AMERICAN MOSAIC - Music from Modest Mouse / New Hope for Private Space Travel / A Listener Asks About TV...,hobbies_leisure
16,https://learningenglish.voanews.com/a/advice-modals-and-coronavirus-/5374838.html,"Advice, Modals, and Coronavirus ",language_learning
17,https://learningenglish.voanews.com/a/proper-adjectives-part-2/6713211.html,"Proper Adjectives, Part 2",language_learning
18,https://learningenglish.voanews.com/a/the-69th-golden-globes-hit-hollywood-138159229/131343.html,Learn How to Text in English!,language_learning
19,https://learningenglish.voanews.com/a/top-brass-what-americans-call-their-employers/1543408.html,Top Brass,language_learning
20,https://learningenglish.voanews.com/a/early-literacy-fluency/7155518.html,Early Literacy: Fluency,study_work
21,https://learningenglish.voanews.com/a/mentally-disabled-man-faces-expulsion-from-us/4086274.html,Mentally Disabled Man Faces Expulsion from US ,none
22,https://learningenglish.voanews.com/a/words-and-their-stories-all-about-eyes/1513084.html,All About Eyes,language_learning
23,https://learningenglish.voanews.com/a/top-health-lifestyle-stories-2015/3121130.html,"A Look Back on Health, Lifestyle in 2015",health_body
24,https://learningenglish.voanews.com/a/refugee-football-team-aims-for-greek-league/3616523.html,Refugee Football Team Aims for Greek League,hobbies_leisure
25,https://learningenglish.voanews.com/a/lawrence-kansas-twitter/3696006.html,Kansas Police Department Shows Sense of Humor,none
26,https://learningenglish.voanews.com/a/a-growing-rap-and-fashion-scene-in-northern-nigeria/3767767.html,"A Growing Rap, Fashion Scene in Northern Nigeria",hobbies_leisure
27,https://learningenglish.voanews.com/a/what-is-the-word-order-of-adjectives-/4775294.html,What Is the Word Order of Adjectives?,language_learning
28,https://learningenglish.voanews.com/a/a-visit-from-st-nicholas/4174093.html,VOA Learning English Presents 'A Visit from St. Nicholas',festivals_holidays
29,https://learningenglish.voanews.com/a/musicians-aim-to-keep-dcs-gogo-music-going/3862013.html,Musicians Aim to Keep DC's Go-go Music Going,hobbies_leisure
30,https://learningenglish.voanews.com/a/americas-national-parks-mammoth-cave/3570577.html,Mammoth Cave: Grand and Gloomy,nature_environment
31,https://learningenglish.voanews.com/a/can-you-catch-these-native-speaker-mistakes/3666483.html,Can You Catch These Native Speaker Mistakes?  ,language_learning
32,https://learningenglish.voanews.com/a/secrets-of-a-saddle-maker/2687090.html,Secrets of a Saddle-Maker                                         ,study_work
33,https://learningenglish.voanews.com/a/oil-company-pay-for-pollution-in-nigeria/2670686.html,Oil Company Pays for Pollution in Nigeria,nature_environment
34,https://learningenglish.voanews.com/a/green-loans-help-kenya-farmers/2415149.html,“Green Loans” Help Kenya’s Farmers ,money_banking
35,https://learningenglish.voanews.com/a/americas-national-parks-black-canyon-of-the-gunnison/3541130.html,Wild Surroundings at Black Canyon of the Gunnison,nature_environment
36,https://learningenglish.voanews.com/a/how-do-you-stay-in-shape-/7295362.html,How Do You Stay 'In Shape'?,language_learning
37,https://learningenglish.voanews.com/a/would-americans-let-edible-insects-come-to-dinner-/4789515.html,Would Americans Let Edible Insects Come to Dinner? ,food_restaurant
38,https://learningenglish.voanews.com/a/family-brings-west-african-dance-to-u-s-city-keur-khaleyi/4620515.html,Family Brings West African Dance to American City,hobbies_leisure
39,https://learningenglish.voanews.com/a/understanding-your-brain-and-clutter-/5421968.html,Understanding Your Brain and Clutter ,health_body
40,https://learningenglish.voanews.com/a/americans-eating-more-fast-casual-less-fast-food/2643490.html,"Americans Eating More 'Fast Casual,' Less Fast Food",food_restaurant
41,https://learningenglish.voanews.com/a/twitter-update-2016/3364301.html,Changes to Twitter Let You Say More in a Tweet,technology_devices
42,https://learningenglish.voanews.com/a/young-women-train-to-wrestle-in-conservative-indian-state/3703796.html,Young Women Train to Wrestle in Conservative Indian State,hobbies_leisure
43,https://learningenglish.voanews.com/a/activists-urge-switzerland-to-freeze-north-korean-assets/2523788.html,Activists Urge Switzerland to Freeze North Korean Assets,none
44,https://learningenglish.voanews.com/a/devil-tom-walker-washington-irving/2850897.html,The Devil and Tom Walker by Washington Irving,hobbies_leisure
45,https://learningenglish.voanews.com/a/3236302.html,Happy National Napping Day,festivals_holidays
46,https://learningenglish.voanews.com/a/nasa-developing-food-for-mars-flights/3625387.html,NASA Developing Food Bars for Mars Flights,food_restaurant
47,https://learningenglish.voanews.com/a/ego-and-arrogance/7727357.html,Ego and Arrogance,language_learning
48,https://learningenglish.voanews.com/a/lets-talk-about-love/3186807.html,"Let's Talk About Love, Baby",language_learning
49,https://learningenglish.voanews.com/a/never-mind-and-it-doesn-t-matter/6568992.html,Never Mind and It Doesn't Matter,language_learning
50,https://learningenglish.voanews.com/a/past-ability-could-was-able-to-managed-to/5139503.html,"Past Ability: Could, Was Able To, Managed To",language_learning
51,https://learningenglish.voanews.com/a/artist-gives-new-life-to-unpopular-plants/4083980.html,Artist Gives New Life to Unpopular Plants ,hobbies_leisure
52,https://learningenglish.voanews.com/a/chinese-astronauts-begin-month-long-stay-in-space/3556772.html,Chinese Astronauts Begin Month-Long Stay in Space,technology_devices
53,https://learningenglish.voanews.com/a/tips-for-email/3842882.html,Want a Response to Your Email? Follow These Tips,study_work
54,https://learningenglish.voanews.com/a/sensitivity-about-religious-images-is-not-unique-to-islam/2615755.html,Sensitivity About Religious Images Is Not Unique to Islam,none
55,https://learningenglish.voanews.com/a/what-it-takes-maya-angelou-1/4364292.html,"What It Takes - Maya Angelou, Part 1",hobbies_leisure
56,https://learningenglish.voanews.com/a/bumblebee-endangered/3675313.html,Bumblebee Added to US Endangered Species List,nature_environment
57,https://learningenglish.voanews.com/a/dutch-rain-water-beer/3446032.html,"When It Rains, Make Beer",food_restaurant
58,https://learningenglish.voanews.com/a/words-and-their-stories-lets-celebrate-our-earth/4364164.html,What 'on Earth' Are You Talking About?,language_learning
59,https://learningenglish.voanews.com/a/poetry-month-frost-langston-hughes/1881877.html,Americans Choose Their Favorite Poems,hobbies_leisure
60,https://learningenglish.voanews.com/a/italy-photos/3480986.html,Before-and-After Photos From Earthquake in Italy,nature_environment
61,https://learningenglish.voanews.com/a/o-henry-one-thousan-dollars/4190849.html,"'One Thousand Dollars,' by O. Henry",hobbies_leisure
62,https://learningenglish.voanews.com/a/words-and-their-stories-childs-play/4388036.html,Expressions to Bring Out the Kid in You!,language_learning
63,https://learningenglish.voanews.com/a/brasil-football-museum-attracts-passionate-fans/1952234.html,Brazil Football Museum Attracts Passionate Fans,hobbies_leisure
64,https://learningenglish.voanews.com/a/catalina-island-bison/3932894.html,"California's Catalina Island Bison Bring Tourists, Concern",animals_pets
65,https://learningenglish.voanews.com/a/a-princess-of-mars-by-edgar-rice-burroughs-part-three/4773684.html,"'A Princess of Mars,' by Edgar Rice Burroughs, Part Three",hobbies_leisure
66,https://learningenglish.voanews.com/a/how-to-wish-other-people-well/6755814.html,How to Wish Other People Well,language_learning
67,https://learningenglish.voanews.com/a/where-did-you-learn-english-forming-questions-part-3-object-questions/4578531.html,"Where Did You Learn English? Forming Questions, Part 3",language_learning
68,https://learningenglish.voanews.com/a/musician-helped-define-rock-n-roll-in-1950s-and-60s/2825821.html,Musician Helped Define Rock n’ Roll in 1950s and 60s,hobbies_leisure
69,https://learningenglish.voanews.com/a/stephen-crane-the-blue-hotel-part-two/4307359.html,"'The Blue Hotel,' by Stephen Crane, Part Two",hobbies_leisure
70,https://learningenglish.voanews.com/a/sometimes-help-is-just-a-phone-call-away-/7742927.html,Sometimes Help Is Just 'A Phone Call Away',language_learning
71,https://learningenglish.voanews.com/a/questions-for-britain-after-the-riots-130577618/131304.html,Questions for Britain After the Riots,none
72,https://learningenglish.voanews.com/a/three-useful-phrasal-expressions/5569366.html,Three Useful Phrasal Expressions,language_learning
73,https://learningenglish.voanews.com/a/drive-by-hugger-identified/3374226.html,Louisiana Boy Known as 'Drive-By Hugger' Identified,family_friends
74,https://learningenglish.voanews.com/a/story-eyewitness-jack-london-american-stories/3249361.html,The Story of an Eyewitness by Jack London,hobbies_leisure
75,https://learningenglish.voanews.com/a/4333893.html,Farmers Farming Farms,language_learning
76,https://learningenglish.voanews.com/a/the-cop-and-the-anthem-o-henry/3919540.html,"'The Cop and the Anthem,' by O. Henry",hobbies_leisure
77,https://learningenglish.voanews.com/a/fathers-group-watch-dogs/3469429.html,Group Wants Fathers to Volunteer at US Schools,family_friends
78,https://learningenglish.voanews.com/a/certificated-and-certified/5043517.html,Certificated and Certified,language_learning
79,https://learningenglish.voanews.com/a/freeze-/5782961.html,Freeze!,language_learning
80,https://learningenglish.voanews.com/a/stir-crazy-is-not-a-way-of-cooking/5267406.html,'Stir-Crazy' Is Not a Way of Cooking,language_learning
81,https://learningenglish.voanews.com/a/study-links-bedtime-rules-to-better-skills--95922384/114919.html,Study Links Bedtime Rules to Better Skills in Preschool Children,health_body
82,https://learningenglish.voanews.com/a/central-african-republic-losing-the-next-generation/2529468.html,Central African Republic Losing the Next Generation,none
83,https://learningenglish.voanews.com/a/americas-most-misspelled-words-by-state-google-trends/3884650.html,From Chihuahua to Wisconsin: America's Most Misspelled Words,language_learning
84,https://learningenglish.voanews.com/a/best-place-to-live-teleport/3269894.html,Find Your Best Place to Live,housing_home
85,https://learningenglish.voanews.com/a/harmonica-playing-good-for-body-and-soul/3837841.html,Harmonica Playing Good for Body and Soul,health_body
86,https://learningenglish.voanews.com/a/to-me-vs-for-me/6639621.html,To Me vs. For Me,language_learning
87,https://learningenglish.voanews.com/a/dog-or-bread/3232407.html,'Dog or Bread?' Question Takes Over Twitter,animals_pets
88,https://learningenglish.voanews.com/a/learn-when-to-wear-kid-gloves-/7220369.html,Learn When to Wear 'Kid Gloves',language_learning
89,https://learningenglish.voanews.com/a/zoo-animals-show-artistic-side/2616597.html,Zoo Animals Show Their Artistic Sides,animals_pets
90,https://learningenglish.voanews.com/a/words-and-their-stories-storms/4297103.html,Successful People 'Take the World by Storm',language_learning
91,https://learningenglish.voanews.com/a/fall-colors/3581151.html,Fall Colors Not Only Red and Blue,weather_seasons
92,https://learningenglish.voanews.com/a/mine-v-quarry/6687062.html,Mine v. Quarry,language_learning
93,https://learningenglish.voanews.com/a/types-of-sentences/7543267.html,Types of Sentences,language_learning
94,https://learningenglish.voanews.com/a/phrasal-verbs-phrasal-nouns-and-speaking/5457671.html,"Phrasal Verbs, Phrasal Nouns, and Speaking",language_learning
95,https://learningenglish.voanews.com/a/everyday-grammar-james-bond-can-teach-you-about-grammar/4115080.html,James Bond Can Teach You About English Grammar  ,language_learning
96,https://learningenglish.voanews.com/a/dr-seuss-honored-on-world-book-day/3747161.html,Dr. Seuss Honored on World Book Day,festivals_holidays
97,https://learningenglish.voanews.com/a/are-me-and-my-friends-breaking-grammar-rules-/5809299.html,Are ‘Me and My Friends’ Breaking Grammar Rules?,language_learning
98,https://learningenglish.voanews.com/a/switzerland-open-worlds-longest-suspension-bridge/3971110.html,Switzerland Opens World's Longest Suspension Footbridge ,travel_transport
99,https://learningenglish.voanews.com/a/english-through-music-taylor-swifts-song-mean---124300094/131278.html,"English Through Music: Taylor Swift’s Song, “Mean”",language_learning
100,https://learningenglish.voanews.com/a/the-world-cheers-33-miners-rescued-in-chile--105074694/116771.html,"For 33 Rescued Miners in Chile, a Rebirth",study_work
